filename,timestamp,ch1_min_voltage,ch2_min_voltage
SaveOnEvent_ALL_20260915002238058.csv,2026-09-15 00:22:38,-0.0014021875,-8.0421875
SaveOnEvent_ALL_20260915002239170.csv,2026-09-15 00:22:39,-0.001205625,-7.996875
SaveOnEvent_ALL_20260915002240280.csv,2026-09-15 00:22:40,-0.0010278125,-8.03125
SaveOnEvent_ALL_20260915002241393.csv,2026-09-15 00:22:41,-0.00104625,-8.1859375
SaveOnEvent_ALL_20260915002242502.csv,2026-09-15 00:22:42,-0.0011559375,-8.040625
SaveOnEvent_ALL_20260915002243613.csv,2026-09-15 00:22:43,-0.00122,-8.115625
SaveOnEvent_ALL_20260915002244725.csv,2026-09-15 00:22:44,-0.0011578125,-8.028125
SaveOnEvent_ALL_20260915002245835.csv,2026-09-15 00:22:45,-0.0011990625,-8.128125
SaveOnEvent_ALL_20260915002246961.csv,2026-09-15 00:22:46,-0.00119125,-8.1796875
SaveOnEvent_ALL_20260915002248060.csv,2026-09-15 00:22:48,-0.001259375,-8.0921875
SaveOnEvent_ALL_20260915002249169.csv,2026-09-15 00:22:49,-0.001225625,-8.0625
SaveOnEvent_ALL_20260915002250279.csv,2026-09-15 00:22:50,-0.0012075,-8.1328125
SaveOnEvent_ALL_20260915002251391.csv,2026-09-15 00:22:51,-0.0010778125,-8.0984375
SaveOnEvent_ALL_20260915002252502.csv,2026-09-15 00:22:52,-0.00123625,-8.1078125
SaveOnEvent_ALL_20260915002253613.csv,2026-09-15 00:22:53,-0.0012628125,-8.1671875
SaveOnEvent_ALL_20260915002254726.csv,2026-09-15 00:22:54,-0.001576875,-8.034375
SaveOnEvent_ALL_20260915002255835.csv,2026-09-15 00:22:55,-0.0012821875,-8.13125
SaveOnEvent_ALL_20260915002256946.csv,2026-09-15 00:22:56,-0.0010603125,-8.059375
SaveOnEvent_ALL_20260915002258060.csv,2026-09-15 00:22:58,-0.001305625,-8.0390625
SaveOnEvent_ALL_20260915002259169.csv,2026-09-15 00:22:59,-0.0011471875,-8.18125
SaveOnEvent_ALL_20260915002300280.csv,2026-09-15 00:23:00,-0.001406875,-8.0671875
SaveOnEvent_ALL_20260915002301391.csv,2026-09-15 00:23:01,-0.0012009375,-8.0078125
SaveOnEvent_ALL_20260915002302503.csv,2026-09-15 00:23:02,-0.00107875,-8.1546875
SaveOnEvent_ALL_20260915002303614.csv,2026-09-15 00:23:03,-0.0012040625,-8.1109375
SaveOnEvent_ALL_20260915002304724.csv,2026-09-15 00:23:04,-0.0012584375,-8.0453125
SaveOnEvent_ALL_20260915002305841.csv,2026-09-15 00:23:05,-0.0014296875,-8.009375
SaveOnEvent_ALL_20260915002306947.csv,2026-09-15 00:23:06,-0.00131328125,-8.0625
SaveOnEvent_ALL_20260915002308058.csv,2026-09-15 00:23:08,-0.00144609375,-8.053125
SaveOnEvent_ALL_20260915002309169.csv,2026-09-15 00:23:09,-0.0012890625,-8.140625
SaveOnEvent_ALL_20260915002310280.csv,2026-09-15 00:23:10,-0.00134140625,-8.028125
SaveOnEvent_ALL_20260915002311391.csv,2026-09-15 00:23:11,-0.0013796875,-8.11875
SaveOnEvent_ALL_20260915002312502.csv,2026-09-15 00:23:12,-0.00140078125,-8.0171875
SaveOnEvent_ALL_20260915002313613.csv,2026-09-15 00:23:13,-0.00119921875,-8.0703125
SaveOnEvent_ALL_20260915002314724.csv,2026-09-15 00:23:14,-0.00142734375,-7.9578125
SaveOnEvent_ALL_20260915002315836.csv,2026-09-15 00:23:15,-0.00126484375,-8.153125
SaveOnEvent_ALL_20260915002316946.csv,2026-09-15 00:23:16,-0.0013359375,-8.090625
SaveOnEvent_ALL_20260915002318058.csv,2026-09-15 00:23:18,-0.00149296875,-8.1046875
SaveOnEvent_ALL_20260915002319169.csv,2026-09-15 00:23:19,-0.0014765625,-8.159375
SaveOnEvent_ALL_20260915002320280.csv,2026-09-15 00:23:20,-0.00140234375,-8.090625
SaveOnEvent_ALL_20260915002321391.csv,2026-09-15 00:23:21,-0.0013734375,-8.0328125
SaveOnEvent_ALL_20260915002322502.csv,2026-09-15 00:23:22,-0.00135078125,-7.978125
SaveOnEvent_ALL_20260915002323613.csv,2026-09-15 00:23:23,-0.001434375,-8.1703125
SaveOnEvent_ALL_20260915002324724.csv,2026-09-15 00:23:24,-0.00135703125,-8.1671875
SaveOnEvent_ALL_20260915002325835.csv,2026-09-15 00:23:25,-0.001365625,-8.0625
SaveOnEvent_ALL_20260915002326946.csv,2026-09-15 00:23:26,-0.00128828125,-8.059375
SaveOnEvent_ALL_20260915002328057.csv,2026-09-15 00:23:28,-0.00137890625,-8.0671875
SaveOnEvent_ALL_20260915002329169.csv,2026-09-15 00:23:29,-0.00123046875,-7.9984375
SaveOnEvent_ALL_20260915002330280.csv,2026-09-15 00:23:30,-0.00124296875,-8.14375
SaveOnEvent_ALL_20260915002331391.csv,2026-09-15 00:23:31,-0.00123125,-8.0546875
SaveOnEvent_ALL_20260915002332502.csv,2026-09-15 00:23:32,-0.00132578125,-8.090625
SaveOnEvent_ALL_20260915002333613.csv,2026-09-15 00:23:33,-0.00136796875,-8.0109375
SaveOnEvent_ALL_20260915002334725.csv,2026-09-15 00:23:34,-0.001346875,-8.19375
SaveOnEvent_ALL_20260915002335835.csv,2026-09-15 00:23:35,-0.00133359375,-8.025
SaveOnEvent_ALL_20260915002336947.csv,2026-09-15 00:23:36,-0.0012078125,-8.0609375
SaveOnEvent_ALL_20260915002338058.csv,2026-09-15 00:23:38,-0.00140390625,-8.0578125
SaveOnEvent_ALL_20260915002339169.csv,2026-09-15 00:23:39,-0.00140546875,-8.1046875
SaveOnEvent_ALL_20260915002340281.csv,2026-09-15 00:23:40,-0.00141484375,-8.0359375
SaveOnEvent_ALL_20260915002341391.csv,2026-09-15 00:23:41,-0.00143046875,-8.0296875
SaveOnEvent_ALL_20260915002342502.csv,2026-09-15 00:23:42,-0.00135,-8.146875
SaveOnEvent_ALL_20260915002343613.csv,2026-09-15 00:23:43,-0.00129921875,-8.0625
SaveOnEvent_ALL_20260915002344725.csv,2026-09-15 00:23:44,-0.00132109375,-8.1375
SaveOnEvent_ALL_20260915002345836.csv,2026-09-15 00:23:45,-0.00129609375,-8.075
SaveOnEvent_ALL_20260915002346952.csv,2026-09-15 00:23:46,-0.00123671875,-8.10625
SaveOnEvent_ALL_20260915002348058.csv,2026-09-15 00:23:48,-0.0013546875,-8.1
SaveOnEvent_ALL_20260915002349168.csv,2026-09-15 00:23:49,-0.00151953125,-8.0734375
SaveOnEvent_ALL_20260915002350280.csv,2026-09-15 00:23:50,-0.00122265625,-8.0296875
SaveOnEvent_ALL_20260915002351391.csv,2026-09-15 00:23:51,-0.00113515625,-8.034375
SaveOnEvent_ALL_20260915002352502.csv,2026-09-15 00:23:52,-0.0014234375,-8.0640625
SaveOnEvent_ALL_20260915002556950.csv,2026-09-15 00:25:56,-inf,-8.1734375
SaveOnEvent_ALL_20260915002558058.csv,2026-09-15 00:25:58,-inf,-8.09375
SaveOnEvent_ALL_20260915002559171.csv,2026-09-15 00:25:59,-inf,-8.0640625
SaveOnEvent_ALL_20260915002600280.csv,2026-09-15 00:26:00,-inf,-8.034375
SaveOnEvent_ALL_20260915002601391.csv,2026-09-15 00:26:01,-inf,-8.090625
SaveOnEvent_ALL_20260915002602502.csv,2026-09-15 00:26:02,-inf,-8.3078125
SaveOnEvent_ALL_20260915002603614.csv,2026-09-15 00:26:03,-inf,-8.028125
SaveOnEvent_ALL_20260915002604725.csv,2026-09-15 00:26:04,-inf,-8.1796875
SaveOnEvent_ALL_20260915002605838.csv,2026-09-15 00:26:05,-inf,-8.1859375
SaveOnEvent_ALL_20260915002606947.csv,2026-09-15 00:26:06,-inf,-8.0734375
SaveOnEvent_ALL_20260915002608058.csv,2026-09-15 00:26:08,-inf,-7.9609375
SaveOnEvent_ALL_20260915002609169.csv,2026-09-15 00:26:09,-inf,-8.0203125
SaveOnEvent_ALL_20260915002610283.csv,2026-09-15 00:26:10,-inf,-8.0578125
SaveOnEvent_ALL_20260915002611393.csv,2026-09-15 00:26:11,-inf,-8.0296875
SaveOnEvent_ALL_20260915002612505.csv,2026-09-15 00:26:12,-inf,-8.1375
SaveOnEvent_ALL_20260915002613621.csv,2026-09-15 00:26:13,-0.021015625,-8.15
SaveOnEvent_ALL_20260915002614725.csv,2026-09-15 00:26:14,-0.016234375,-8.053125
SaveOnEvent_ALL_20260915002615836.csv,2026-09-15 00:26:15,-0.021546875,-8.0859375
SaveOnEvent_ALL_20260915002616947.csv,2026-09-15 00:26:16,-0.0272578125,-8.053125
SaveOnEvent_ALL_20260915002618058.csv,2026-09-15 00:26:18,-0.0203125,-8.0671875
SaveOnEvent_ALL_20260915002619169.csv,2026-09-15 00:26:19,-0.0264921875,-8.0984375
SaveOnEvent_ALL_20260915002620281.csv,2026-09-15 00:26:20,-0.023890625,-8.1375
SaveOnEvent_ALL_20260915002621392.csv,2026-09-15 00:26:21,-0.0221171875,-8.0140625
SaveOnEvent_ALL_20260915002622503.csv,2026-09-15 00:26:22,-0.017734375,-7.9890625
SaveOnEvent_ALL_20260915002623614.csv,2026-09-15 00:26:23,-0.0197109375,-8.08125
SaveOnEvent_ALL_20260915002624725.csv,2026-09-15 00:26:24,-0.020578125,-8.028125
SaveOnEvent_ALL_20260915002625836.csv,2026-09-15 00:26:25,-0.0240625,-8.075
SaveOnEvent_ALL_20260915002626948.csv,2026-09-15 00:26:26,-0.0268046875,-8.00625
SaveOnEvent_ALL_20260915002628058.csv,2026-09-15 00:26:28,-0.0246875,-8.0515625
SaveOnEvent_ALL_20260915002629169.csv,2026-09-15 00:26:29,-0.0259140625,-8.075
SaveOnEvent_ALL_20260915002630280.csv,2026-09-15 00:26:30,-0.025109375,-7.953125
SaveOnEvent_ALL_20260915002631392.csv,2026-09-15 00:26:31,-0.029234375,-8.1390625
SaveOnEvent_ALL_20260915002632503.csv,2026-09-15 00:26:32,-0.021796875,-8.034375
SaveOnEvent_ALL_20260915002633614.csv,2026-09-15 00:26:33,-0.0234609375,-8.05625
SaveOnEvent_ALL_20260915002634725.csv,2026-09-15 00:26:34,-0.02178125,-8.053125
SaveOnEvent_ALL_20260915002635837.csv,2026-09-15 00:26:35,-0.0148671875,-8.0140625
SaveOnEvent_ALL_20260915002636948.csv,2026-09-15 00:26:36,-0.025734375,-8.0640625
SaveOnEvent_ALL_20260915002638059.csv,2026-09-15 00:26:38,-0.0269765625,-8.1390625
SaveOnEvent_ALL_20260915002639169.csv,2026-09-15 00:26:39,-0.0165625,-8.109375
SaveOnEvent_ALL_20260915002640281.csv,2026-09-15 00:26:40,-0.024953125,-8.0703125
SaveOnEvent_ALL_20260915002641392.csv,2026-09-15 00:26:41,-0.0219609375,-8.071875
SaveOnEvent_ALL_20260915002642503.csv,2026-09-15 00:26:42,-0.025140625,-8.0046875
SaveOnEvent_ALL_20260915002643614.csv,2026-09-15 00:26:43,-0.0229375,-7.996875
SaveOnEvent_ALL_20260915002644725.csv,2026-09-15 00:26:44,-0.0296796875,-8.04375
SaveOnEvent_ALL_20260915002645837.csv,2026-09-15 00:26:45,-0.023953125,-8.05
SaveOnEvent_ALL_20260915002646948.csv,2026-09-15 00:26:46,-0.0256171875,-8.096875
SaveOnEvent_ALL_20260915002648059.csv,2026-09-15 00:26:48,-0.0275078125,-8.053125
SaveOnEvent_ALL_20260915002649170.csv,2026-09-15 00:26:49,-0.024484375,-7.996875
SaveOnEvent_ALL_20260915002650281.csv,2026-09-15 00:26:50,-0.0190703125,-8.04375
SaveOnEvent_ALL_20260915002651392.csv,2026-09-15 00:26:51,-0.021828125,-8.14375
SaveOnEvent_ALL_20260915002652503.csv,2026-09-15 00:26:52,-0.022546875,-8.0828125
SaveOnEvent_ALL_20260915002653614.csv,2026-09-15 00:26:53,-0.0243984375,-8.0
SaveOnEvent_ALL_20260915002654725.csv,2026-09-15 00:26:54,-0.0294296875,-8.0859375
SaveOnEvent_ALL_20260915002655836.csv,2026-09-15 00:26:55,-0.027984375,-8.05625
SaveOnEvent_ALL_20260915002656948.csv,2026-09-15 00:26:56,-0.01821875,-7.9625
SaveOnEvent_ALL_20260915002658058.csv,2026-09-15 00:26:58,-0.02203125,-8.065625
SaveOnEvent_ALL_20260915002659170.csv,2026-09-15 00:26:59,-0.022546875,-8.134375
SaveOnEvent_ALL_20260915002700281.csv,2026-09-15 00:27:00,-0.0185859375,-8.1
SaveOnEvent_ALL_20260915002701393.csv,2026-09-15 00:27:01,-0.0235546875,-8.078125
SaveOnEvent_ALL_20260915002702503.csv,2026-09-15 00:27:02,-0.0245078125,-7.99375
SaveOnEvent_ALL_20260915002703614.csv,2026-09-15 00:27:03,-0.0269921875,-8.0703125
SaveOnEvent_ALL_20260915002704725.csv,2026-09-15 00:27:04,-0.0254296875,-8.128125
SaveOnEvent_ALL_20260915002705836.csv,2026-09-15 00:27:05,-0.0258125,-8.0171875
SaveOnEvent_ALL_20260915002706947.csv,2026-09-15 00:27:06,-0.0206171875,-8.04375
SaveOnEvent_ALL_20260915002708059.csv,2026-09-15 00:27:08,-0.025640625,-8.0359375
SaveOnEvent_ALL_20260915002709170.csv,2026-09-15 00:27:09,-0.0221015625,-8.0375
SaveOnEvent_ALL_20260915002710281.csv,2026-09-15 00:27:10,-0.0241953125,-8.046875
SaveOnEvent_ALL_20260915002711392.csv,2026-09-15 00:27:11,-0.023546875,-8.0890625
SaveOnEvent_ALL_20260915002712503.csv,2026-09-15 00:27:12,-0.0248515625,-8.115625
SaveOnEvent_ALL_20260915002713614.csv,2026-09-15 00:27:13,-0.019671875,-8.08125
SaveOnEvent_ALL_20260915002714726.csv,2026-09-15 00:27:14,-0.023328125,-8.040625
SaveOnEvent_ALL_20260915002715837.csv,2026-09-15 00:27:15,-0.0203671875,-8.0453125
SaveOnEvent_ALL_20260915002716948.csv,2026-09-15 00:27:16,-0.025203125,-8.115625
SaveOnEvent_ALL_20260915002718059.csv,2026-09-15 00:27:18,-0.0296640625,-8.046875
SaveOnEvent_ALL_20260915002719170.csv,2026-09-15 00:27:19,-0.0157421875,-8.05
SaveOnEvent_ALL_20260915002720281.csv,2026-09-15 00:27:20,-0.027015625,-7.990625
SaveOnEvent_ALL_20260915002721392.csv,2026-09-15 00:27:21,-0.0256328125,-8.059375
SaveOnEvent_ALL_20260915002722503.csv,2026-09-15 00:27:22,-0.0272265625,-8.0734375
SaveOnEvent_ALL_20260915002723614.csv,2026-09-15 00:27:23,-0.023875,-8.0328125
SaveOnEvent_ALL_20260915002724725.csv,2026-09-15 00:27:24,-0.0295390625,-8.1171875
SaveOnEvent_ALL_20260915002725836.csv,2026-09-15 00:27:25,-0.026609375,-7.9890625
SaveOnEvent_ALL_20260915002726948.csv,2026-09-15 00:27:26,-0.02425,-8.04375
SaveOnEvent_ALL_20260915002728058.csv,2026-09-15 00:27:28,-0.0244140625,-8.0375
SaveOnEvent_ALL_20260915002729170.csv,2026-09-15 00:27:29,-0.0307578125,-8.0265625
SaveOnEvent_ALL_20260915002730281.csv,2026-09-15 00:27:30,-0.017453125,-7.9640625
SaveOnEvent_ALL_20260915002731391.csv,2026-09-15 00:27:31,-0.0236953125,-8.2015625
SaveOnEvent_ALL_20260915002732503.csv,2026-09-15 00:27:32,-0.020421875,-8.003125
SaveOnEvent_ALL_20260915002733614.csv,2026-09-15 00:27:33,-0.0267578125,-8.021875
SaveOnEvent_ALL_20260915002734726.csv,2026-09-15 00:27:34,-0.025109375,-7.9796875
SaveOnEvent_ALL_20260915002735836.csv,2026-09-15 00:27:35,-0.027484375,-8.040625
SaveOnEvent_ALL_20260915002736948.csv,2026-09-15 00:27:36,-0.02240625,-8.025
SaveOnEvent_ALL_20260915002738059.csv,2026-09-15 00:27:38,-0.026234375,-8.11875
SaveOnEvent_ALL_20260915002739170.csv,2026-09-15 00:27:39,-0.0231484375,-8.015625
SaveOnEvent_ALL_20260915002740281.csv,2026-09-15 00:27:40,-0.0194609375,-8.140625
SaveOnEvent_ALL_20260915002741392.csv,2026-09-15 00:27:41,-0.023359375,-8.11875
SaveOnEvent_ALL_20260915002742503.csv,2026-09-15 00:27:42,-0.02909375,-8.0484375
SaveOnEvent_ALL_20260915002743614.csv,2026-09-15 00:27:43,-0.02184375,-8.003125
SaveOnEvent_ALL_20260915002744726.csv,2026-09-15 00:27:44,-0.0229296875,-8.0921875
SaveOnEvent_ALL_20260915002745837.csv,2026-09-15 00:27:45,-0.0247890625,-8.125
SaveOnEvent_ALL_20260915002746948.csv,2026-09-15 00:27:46,-0.021671875,-8.015625
SaveOnEvent_ALL_20260915002748058.csv,2026-09-15 00:27:48,-0.0224140625,-7.9859375
SaveOnEvent_ALL_20260915002749169.csv,2026-09-15 00:27:49,-0.02184375,-8.0234375
SaveOnEvent_ALL_20260915002750281.csv,2026-09-15 00:27:50,-0.0218671875,-7.9796875
SaveOnEvent_ALL_20260915002751392.csv,2026-09-15 00:27:51,-0.0219609375,-8.05625
SaveOnEvent_ALL_20260915002752503.csv,2026-09-15 00:27:52,-0.022125,-8.075
SaveOnEvent_ALL_20260915002753614.csv,2026-09-15 00:27:53,-0.0203046875,-8.1109375
SaveOnEvent_ALL_20260915002754726.csv,2026-09-15 00:27:54,-0.0183671875,-7.99375
SaveOnEvent_ALL_20260915002755836.csv,2026-09-15 00:27:55,-0.0190625,-8.00625
SaveOnEvent_ALL_20260915002756948.csv,2026-09-15 00:27:56,-0.019171875,-8.0515625
SaveOnEvent_ALL_20260915002758059.csv,2026-09-15 00:27:58,-0.017546875,-8.0453125
SaveOnEvent_ALL_20260915002759170.csv,2026-09-15 00:27:59,-0.017640625,-8.05
SaveOnEvent_ALL_20260915002800281.csv,2026-09-15 00:28:00,-0.019109375,-8.075
SaveOnEvent_ALL_20260915002801392.csv,2026-09-15 00:28:01,-0.019546875,-8.0203125
SaveOnEvent_ALL_20260915002802503.csv,2026-09-15 00:28:02,-0.018125,-8.009375
SaveOnEvent_ALL_20260915002803614.csv,2026-09-15 00:28:03,-0.017984375,-8.028125
SaveOnEvent_ALL_20260915002804725.csv,2026-09-15 00:28:04,-0.017203125,-8.0890625
SaveOnEvent_ALL_20260915002805837.csv,2026-09-15 00:28:05,-0.0161015625,-8.05625
SaveOnEvent_ALL_20260915002806948.csv,2026-09-15 00:28:06,-0.0157421875,-7.9703125
SaveOnEvent_ALL_20260915002808058.csv,2026-09-15 00:28:08,-0.01528125,-8.0359375
SaveOnEvent_ALL_20260915002809170.csv,2026-09-15 00:28:09,-0.0143125,-7.990625
SaveOnEvent_ALL_20260915002810281.csv,2026-09-15 00:28:10,-0.0149453125,-8.1046875
SaveOnEvent_ALL_20260915002811392.csv,2026-09-15 00:28:11,-0.014125,-8.00625
SaveOnEvent_ALL_20260915002812503.csv,2026-09-15 00:28:12,-0.014140625,-8.0921875
SaveOnEvent_ALL_20260915002813614.csv,2026-09-15 00:28:13,-0.0135,-8.0421875
SaveOnEvent_ALL_20260915002814726.csv,2026-09-15 00:28:14,-0.0131015625,-8.01875
SaveOnEvent_ALL_20260915002815837.csv,2026-09-15 00:28:15,-0.0125234375,-8.0171875
SaveOnEvent_ALL_20260915002816948.csv,2026-09-15 00:28:16,-0.012859375,-8.0296875
SaveOnEvent_ALL_20260915002818058.csv,2026-09-15 00:28:18,-0.0121171875,-7.9671875
SaveOnEvent_ALL_20260915002819170.csv,2026-09-15 00:28:19,-0.011984375,-8.06875
SaveOnEvent_ALL_20260915002820281.csv,2026-09-15 00:28:20,-0.0118515625,-8.021875
SaveOnEvent_ALL_20260915002821392.csv,2026-09-15 00:28:21,-0.0118984375,-8.0546875
SaveOnEvent_ALL_20260915002822503.csv,2026-09-15 00:28:22,-0.01178125,-8.15
SaveOnEvent_ALL_20260915002823614.csv,2026-09-15 00:28:23,-0.0115625,-8.0546875
SaveOnEvent_ALL_20260915002824726.csv,2026-09-15 00:28:24,-0.0111796875,-7.9890625
SaveOnEvent_ALL_20260915002825837.csv,2026-09-15 00:28:25,-0.011140625,-8.10625
SaveOnEvent_ALL_20260915002826948.csv,2026-09-15 00:28:26,-0.0114375,-8.0546875
SaveOnEvent_ALL_20260915002828059.csv,2026-09-15 00:28:28,-0.0105625,-8.040625
SaveOnEvent_ALL_20260915002829170.csv,2026-09-15 00:28:29,-0.0109921875,-8.0046875
SaveOnEvent_ALL_20260915002830281.csv,2026-09-15 00:28:30,-0.0109296875,-8.1015625
SaveOnEvent_ALL_20260915002831392.csv,2026-09-15 00:28:31,-0.0110625,-8.003125
SaveOnEvent_ALL_20260915002832502.csv,2026-09-15 00:28:32,-0.011265625,-8.0234375
SaveOnEvent_ALL_20260915002833614.csv,2026-09-15 00:28:33,-0.009890625,-8.028125
SaveOnEvent_ALL_20260915002834725.csv,2026-09-15 00:28:34,-0.0103671875,-8.021875
SaveOnEvent_ALL_20260915002835837.csv,2026-09-15 00:28:35,-0.01096875,-8.0359375
SaveOnEvent_ALL_20260915002836949.csv,2026-09-15 00:28:36,-0.0098671875,-8.090625
SaveOnEvent_ALL_20260915002838059.csv,2026-09-15 00:28:38,-0.0102890625,-8.0625
SaveOnEvent_ALL_20260915002839170.csv,2026-09-15 00:28:39,-0.010765625,-7.98125
SaveOnEvent_ALL_20260915002840281.csv,2026-09-15 00:28:40,-0.0106484375,-8.0328125
SaveOnEvent_ALL_20260915002841392.csv,2026-09-15 00:28:41,-0.0101875,-8.03125
SaveOnEvent_ALL_20260915002842504.csv,2026-09-15 00:28:42,-0.0096171875,-8.121875
SaveOnEvent_ALL_20260915002843615.csv,2026-09-15 00:28:43,-0.010390625,-7.99375
SaveOnEvent_ALL_20260915002844726.csv,2026-09-15 00:28:44,-0.009546875,-8.075
SaveOnEvent_ALL_20260915002845837.csv,2026-09-15 00:28:45,-0.01034375,-8.171875
SaveOnEvent_ALL_20260915002846948.csv,2026-09-15 00:28:46,-0.0102265625,-8.0375
SaveOnEvent_ALL_20260915002848059.csv,2026-09-15 00:28:48,-0.01,-7.9859375
SaveOnEvent_ALL_20260915002849170.csv,2026-09-15 00:28:49,-0.0110859375,-8.1890625
SaveOnEvent_ALL_20260915002850281.csv,2026-09-15 00:28:50,-0.0103671875,-8.0625
SaveOnEvent_ALL_20260915002851392.csv,2026-09-15 00:28:51,-0.010375,-8.0828125
SaveOnEvent_ALL_20260915002852503.csv,2026-09-15 00:28:52,-0.010046875,-8.0625
SaveOnEvent_ALL_20260915002853614.csv,2026-09-15 00:28:53,-0.0099140625,-8.0203125
SaveOnEvent_ALL_20260915002854725.csv,2026-09-15 00:28:54,-0.0098984375,-7.9640625
SaveOnEvent_ALL_20260915002855837.csv,2026-09-15 00:28:55,-0.0098359375,-8.1234375
SaveOnEvent_ALL_20260915002856948.csv,2026-09-15 00:28:56,-0.00996875,-8.065625
SaveOnEvent_ALL_20260915002858059.csv,2026-09-15 00:28:58,-0.0103671875,-7.9875
SaveOnEvent_ALL_20260915002859170.csv,2026-09-15 00:28:59,-0.0105078125,-8.1640625
SaveOnEvent_ALL_20260915002900282.csv,2026-09-15 00:29:00,-0.009578125,-8.0625
SaveOnEvent_ALL_20260915002901392.csv,2026-09-15 00:29:01,-0.0099765625,-7.9828125
SaveOnEvent_ALL_20260915002902503.csv,2026-09-15 00:29:02,-0.0098984375,-8.096875
SaveOnEvent_ALL_20260915002903614.csv,2026-09-15 00:29:03,-0.010625,-8.0078125
SaveOnEvent_ALL_20260915002904726.csv,2026-09-15 00:29:04,-0.0098828125,-8.0015625
SaveOnEvent_ALL_20260915002905836.csv,2026-09-15 00:29:05,-0.0105703125,-8.046875
SaveOnEvent_ALL_20260915002906948.csv,2026-09-15 00:29:06,-0.009875,-7.990625
SaveOnEvent_ALL_20260915002908059.csv,2026-09-15 00:29:08,-0.0103125,-7.9921875
SaveOnEvent_ALL_20260915002909170.csv,2026-09-15 00:29:09,-0.0101875,-8.009375
SaveOnEvent_ALL_20260915002910281.csv,2026-09-15 00:29:10,-0.0103671875,-8.0953125
SaveOnEvent_ALL_20260915002911393.csv,2026-09-15 00:29:11,-0.0104609375,-8.01875
SaveOnEvent_ALL_20260915002912503.csv,2026-09-15 00:29:12,-0.0105234375,-8.06875
SaveOnEvent_ALL_20260915002913615.csv,2026-09-15 00:29:13,-0.010046875,-7.9921875
SaveOnEvent_ALL_20260915002914726.csv,2026-09-15 00:29:14,-0.0103984375,-8.00625
SaveOnEvent_ALL_20260915002915837.csv,2026-09-15 00:29:15,-0.0104765625,-8.040625
SaveOnEvent_ALL_20260915002916948.csv,2026-09-15 00:29:16,-0.0108671875,-8.003125
SaveOnEvent_ALL_20260915002918059.csv,2026-09-15 00:29:18,-0.0103828125,-8.06875
SaveOnEvent_ALL_20260915002919170.csv,2026-09-15 00:29:19,-0.01040625,-7.990625
SaveOnEvent_ALL_20260915002920281.csv,2026-09-15 00:29:20,-0.00971875,-7.984375
SaveOnEvent_ALL_20260915002921392.csv,2026-09-15 00:29:21,-0.010859375,-8.028125
SaveOnEvent_ALL_20260915002922504.csv,2026-09-15 00:29:22,-0.010328125,-8.08125
SaveOnEvent_ALL_20260915002923614.csv,2026-09-15 00:29:23,-0.0096328125,-8.0828125
SaveOnEvent_ALL_20260915002924726.csv,2026-09-15 00:29:24,-0.009859375,-7.9921875
SaveOnEvent_ALL_20260915002925837.csv,2026-09-15 00:29:25,-0.0108515625,-8.0953125
SaveOnEvent_ALL_20260915002926948.csv,2026-09-15 00:29:26,-0.0105859375,-8.0203125
SaveOnEvent_ALL_20260915002928059.csv,2026-09-15 00:29:28,-0.0108984375,-8.0703125
SaveOnEvent_ALL_20260915002929170.csv,2026-09-15 00:29:29,-0.0101015625,-8.0671875
SaveOnEvent_ALL_20260915002930281.csv,2026-09-15 00:29:30,-0.010265625,-8.0859375
SaveOnEvent_ALL_20260915002931393.csv,2026-09-15 00:29:31,-0.010796875,-8.00625
SaveOnEvent_ALL_20260915002932503.csv,2026-09-15 00:29:32,-0.010375,-8.0515625
SaveOnEvent_ALL_20260915002933614.csv,2026-09-15 00:29:33,-0.0108359375,-8.003125
SaveOnEvent_ALL_20260915002934726.csv,2026-09-15 00:29:34,-0.0104375,-7.975
SaveOnEvent_ALL_20260915002935837.csv,2026-09-15 00:29:35,-0.0102265625,-8.009375
SaveOnEvent_ALL_20260915002936948.csv,2026-09-15 00:29:36,-0.0109453125,-7.93125
SaveOnEvent_ALL_20260915002938059.csv,2026-09-15 00:29:38,-0.0103828125,-7.946875
SaveOnEvent_ALL_20260915002939171.csv,2026-09-15 00:29:39,-0.010625,-8.0171875
SaveOnEvent_ALL_20260915002940281.csv,2026-09-15 00:29:40,-0.0096484375,-7.9734375
SaveOnEvent_ALL_20260915002941392.csv,2026-09-15 00:29:41,-0.0103515625,-8.13125
SaveOnEvent_ALL_20260915002942504.csv,2026-09-15 00:29:42,-0.01059375,-7.975
SaveOnEvent_ALL_20260915002943615.csv,2026-09-15 00:29:43,-0.01021875,-8.0515625
SaveOnEvent_ALL_20260915002944726.csv,2026-09-15 00:29:44,-0.0105625,-8.146875
SaveOnEvent_ALL_20260915002945838.csv,2026-09-15 00:29:45,-0.0106015625,-8.0171875
SaveOnEvent_ALL_20260915002946949.csv,2026-09-15 00:29:46,-0.01125,-7.9625
SaveOnEvent_ALL_20260915002948059.csv,2026-09-15 00:29:48,-0.0103203125,-8.0109375
SaveOnEvent_ALL_20260915002949170.csv,2026-09-15 00:29:49,-0.010734375,-8.0203125
SaveOnEvent_ALL_20260915002950281.csv,2026-09-15 00:29:50,-0.01053125,-7.9796875
SaveOnEvent_ALL_20260915002951393.csv,2026-09-15 00:29:51,-0.0105859375,-7.9828125
SaveOnEvent_ALL_20260915002952504.csv,2026-09-15 00:29:52,-0.0105390625,-8.06875
SaveOnEvent_ALL_20260915002953614.csv,2026-09-15 00:29:53,-0.0103125,-8.16875
SaveOnEvent_ALL_20260915002954726.csv,2026-09-15 00:29:54,-0.0102734375,-8.0296875
SaveOnEvent_ALL_20260915002955837.csv,2026-09-15 00:29:55,-0.01125,-8.003125
SaveOnEvent_ALL_20260915002956948.csv,2026-09-15 00:29:56,-0.010171875,-8.0171875
SaveOnEvent_ALL_20260915002958059.csv,2026-09-15 00:29:58,-0.0111875,-8.053125
SaveOnEvent_ALL_20260915002959170.csv,2026-09-15 00:29:59,-0.0109765625,-7.925
SaveOnEvent_ALL_20260915003000281.csv,2026-09-15 00:30:00,-0.0108515625,-7.896875
SaveOnEvent_ALL_20260915003001393.csv,2026-09-15 00:30:01,-0.01071875,-7.959375
SaveOnEvent_ALL_20260915003002504.csv,2026-09-15 00:30:02,-0.010875,-7.9890625
SaveOnEvent_ALL_20260915003003614.csv,2026-09-15 00:30:03,-0.0113515625,-8.0625
SaveOnEvent_ALL_20260915003004726.csv,2026-09-15 00:30:04,-0.0104296875,-8.046875
SaveOnEvent_ALL_20260915003005837.csv,2026-09-15 00:30:05,-0.010859375,-8.0578125
SaveOnEvent_ALL_20260915003006948.csv,2026-09-15 00:30:06,-0.0106875,-8.00625
SaveOnEvent_ALL_20260915003008059.csv,2026-09-15 00:30:08,-0.0110546875,-7.978125
SaveOnEvent_ALL_20260915003009170.csv,2026-09-15 00:30:09,-0.0107890625,-7.9140625
SaveOnEvent_ALL_20260915003010282.csv,2026-09-15 00:30:10,-0.0111875,-8.0078125
SaveOnEvent_ALL_20260915003011393.csv,2026-09-15 00:30:11,-0.0110234375,-8.13125
SaveOnEvent_ALL_20260915003012503.csv,2026-09-15 00:30:12,-0.01109375,-8.1328125
SaveOnEvent_ALL_20260915003013615.csv,2026-09-15 00:30:13,-0.0110859375,-7.9890625
SaveOnEvent_ALL_20260915003014726.csv,2026-09-15 00:30:14,-0.0109375,-7.99375
SaveOnEvent_ALL_20260915003015837.csv,2026-09-15 00:30:15,-0.0111875,-8.025
SaveOnEvent_ALL_20260915003016948.csv,2026-09-15 00:30:16,-0.0111875,-8.046875
SaveOnEvent_ALL_20260915003018059.csv,2026-09-15 00:30:18,-0.0107109375,-8.0859375
SaveOnEvent_ALL_20260915003019170.csv,2026-09-15 00:30:19,-0.0105390625,-8.0359375
SaveOnEvent_ALL_20260915003020282.csv,2026-09-15 00:30:20,-0.011125,-8.05
SaveOnEvent_ALL_20260915003021393.csv,2026-09-15 00:30:21,-0.0108046875,-8.05625
SaveOnEvent_ALL_20260915003022503.csv,2026-09-15 00:30:22,-0.01075,-8.0
SaveOnEvent_ALL_20260915003023615.csv,2026-09-15 00:30:23,-0.01134375,-7.9640625
SaveOnEvent_ALL_20260915003024726.csv,2026-09-15 00:30:24,-0.011,-7.9953125
SaveOnEvent_ALL_20260915003025837.csv,2026-09-15 00:30:25,-0.01125,-8.0734375
SaveOnEvent_ALL_20260915003026948.csv,2026-09-15 00:30:26,-0.010734375,-8.1
SaveOnEvent_ALL_20260915003028059.csv,2026-09-15 00:30:28,-0.0115,-8.121875
SaveOnEvent_ALL_20260915003029170.csv,2026-09-15 00:30:29,-0.0109375,-7.96875
SaveOnEvent_ALL_20260915003030281.csv,2026-09-15 00:30:30,-0.0112421875,-8.0390625
SaveOnEvent_ALL_20260915003031393.csv,2026-09-15 00:30:31,-0.011421875,-8.0359375
SaveOnEvent_ALL_20260915003032504.csv,2026-09-15 00:30:32,-0.011296875,-8.0140625
SaveOnEvent_ALL_20260915003033615.csv,2026-09-15 00:30:33,-0.011375,-7.9203125
SaveOnEvent_ALL_20260915003034726.csv,2026-09-15 00:30:34,-0.0106875,-7.940625
SaveOnEvent_ALL_20260915003035837.csv,2026-09-15 00:30:35,-0.011140625,-7.9609375
SaveOnEvent_ALL_20260915003036948.csv,2026-09-15 00:30:36,-0.01046875,-8.0484375
SaveOnEvent_ALL_20260915003038059.csv,2026-09-15 00:30:38,-0.01071875,-7.9703125
SaveOnEvent_ALL_20260915003039170.csv,2026-09-15 00:30:39,-0.01125,-8.0484375
SaveOnEvent_ALL_20260915003040282.csv,2026-09-15 00:30:40,-0.0109296875,-8.0875
SaveOnEvent_ALL_20260915003041393.csv,2026-09-15 00:30:41,-0.0109375,-8.0203125
SaveOnEvent_ALL_20260915003042504.csv,2026-09-15 00:30:42,-0.010703125,-8.0484375
SaveOnEvent_ALL_20260915003043615.csv,2026-09-15 00:30:43,-0.01121875,-8.05
SaveOnEvent_ALL_20260915003044725.csv,2026-09-15 00:30:44,-0.0112109375,-8.0765625
SaveOnEvent_ALL_20260915003045837.csv,2026-09-15 00:30:45,-0.0108671875,-7.9546875
SaveOnEvent_ALL_20260915003046949.csv,2026-09-15 00:30:46,-0.0110859375,-8.0171875
SaveOnEvent_ALL_20260915003048059.csv,2026-09-15 00:30:48,-0.0111328125,-8.0046875
SaveOnEvent_ALL_20260915003049171.csv,2026-09-15 00:30:49,-0.0111796875,-8.1828125
SaveOnEvent_ALL_20260915003050282.csv,2026-09-15 00:30:50,-0.011234375,-8.0015625
SaveOnEvent_ALL_20260915003051392.csv,2026-09-15 00:30:51,-0.011125,-8.0703125
SaveOnEvent_ALL_20260915003052504.csv,2026-09-15 00:30:52,-0.010734375,-7.85625
SaveOnEvent_ALL_20260915003053615.csv,2026-09-15 00:30:53,-0.0106953125,-7.9765625
SaveOnEvent_ALL_20260915003054726.csv,2026-09-15 00:30:54,-0.0111796875,-8.096875
SaveOnEvent_ALL_20260915003055837.csv,2026-09-15 00:30:55,-0.0110390625,-8.0546875
SaveOnEvent_ALL_20260915003056948.csv,2026-09-15 00:30:56,-0.0113203125,-7.965625
SaveOnEvent_ALL_20260915003058059.csv,2026-09-15 00:30:58,-0.0105234375,-8.046875
SaveOnEvent_ALL_20260915003059171.csv,2026-09-15 00:30:59,-0.0113515625,-8.0140625
SaveOnEvent_ALL_20260915003100282.csv,2026-09-15 00:31:00,-0.01053125,-7.990625
SaveOnEvent_ALL_20260915003101393.csv,2026-09-15 00:31:01,-0.0109609375,-8.0640625
SaveOnEvent_ALL_20260915003102504.csv,2026-09-15 00:31:02,-0.010640625,-7.9015625
SaveOnEvent_ALL_20260915003103615.csv,2026-09-15 00:31:03,-0.010921875,-8.0
SaveOnEvent_ALL_20260915003104726.csv,2026-09-15 00:31:04,-0.01075,-8.25625
SaveOnEvent_ALL_20260915003105838.csv,2026-09-15 00:31:05,-0.0110390625,-8.00625
SaveOnEvent_ALL_20260915003106948.csv,2026-09-15 00:31:06,-0.011078125,-8.0953125
SaveOnEvent_ALL_20260915003108060.csv,2026-09-15 00:31:08,-0.010515625,-8.065625
SaveOnEvent_ALL_20260915003109171.csv,2026-09-15 00:31:09,-0.0106484375,-8.0
SaveOnEvent_ALL_20260915003110281.csv,2026-09-15 00:31:10,-0.011109375,-8.0265625
SaveOnEvent_ALL_20260915003111393.csv,2026-09-15 00:31:11,-0.0107109375,-7.946875
SaveOnEvent_ALL_20260915003112504.csv,2026-09-15 00:31:12,-0.0105,-7.95
SaveOnEvent_ALL_20260915003113615.csv,2026-09-15 00:31:13,-0.010640625,-8.025
SaveOnEvent_ALL_20260915003114726.csv,2026-09-15 00:31:14,-0.011265625,-8.1015625
SaveOnEvent_ALL_20260915003115837.csv,2026-09-15 00:31:15,-0.0105078125,-8.00625
SaveOnEvent_ALL_20260915003116948.csv,2026-09-15 00:31:16,-0.0113828125,-8.0609375
SaveOnEvent_ALL_20260915003118059.csv,2026-09-15 00:31:18,-0.0113828125,-8.00625
SaveOnEvent_ALL_20260915003119171.csv,2026-09-15 00:31:19,-0.0108203125,-7.95625
SaveOnEvent_ALL_20260915003120282.csv,2026-09-15 00:31:20,-0.0108984375,-7.921875
SaveOnEvent_ALL_20260915003121393.csv,2026-09-15 00:31:21,-0.0116953125,-7.9328125
SaveOnEvent_ALL_20260915003122504.csv,2026-09-15 00:31:22,-0.0109609375,-8.15625
SaveOnEvent_ALL_20260915003123615.csv,2026-09-15 00:31:23,-0.0111328125,-8.009375
SaveOnEvent_ALL_20260915003124726.csv,2026-09-15 00:31:24,-0.0109140625,-8.05
SaveOnEvent_ALL_20260915003125837.csv,2026-09-15 00:31:25,-0.01121875,-7.9578125
SaveOnEvent_ALL_20260915003126948.csv,2026-09-15 00:31:26,-0.01096875,-8.0484375
SaveOnEvent_ALL_20260915003128059.csv,2026-09-15 00:31:28,-0.010921875,-7.98125
SaveOnEvent_ALL_20260915003129170.csv,2026-09-15 00:31:29,-0.0110234375,-8.0375
SaveOnEvent_ALL_20260915003130282.csv,2026-09-15 00:31:30,-0.010328125,-7.9859375
SaveOnEvent_ALL_20260915003131393.csv,2026-09-15 00:31:31,-0.010578125,-8.0328125
SaveOnEvent_ALL_20260915003132504.csv,2026-09-15 00:31:32,-0.010765625,-8.05
SaveOnEvent_ALL_20260915003133615.csv,2026-09-15 00:31:33,-0.010828125,-7.915625
SaveOnEvent_ALL_20260915003134727.csv,2026-09-15 00:31:34,-0.0106640625,-7.94375
SaveOnEvent_ALL_20260915003135837.csv,2026-09-15 00:31:35,-0.01078125,-7.9765625
SaveOnEvent_ALL_20260915003136949.csv,2026-09-15 00:31:36,-0.0104296875,-8.103125
SaveOnEvent_ALL_20260915003138059.csv,2026-09-15 00:31:38,-0.0106640625,-7.984375
SaveOnEvent_ALL_20260915003139170.csv,2026-09-15 00:31:39,-0.0107578125,-7.978125
SaveOnEvent_ALL_20260915003140281.csv,2026-09-15 00:31:40,-0.0111640625,-8.053125
SaveOnEvent_ALL_20260915003141393.csv,2026-09-15 00:31:41,-0.010828125,-8.0546875
SaveOnEvent_ALL_20260915003142504.csv,2026-09-15 00:31:42,-0.0105703125,-7.975
SaveOnEvent_ALL_20260915003143615.csv,2026-09-15 00:31:43,-0.010875,-8.0109375
SaveOnEvent_ALL_20260915003144726.csv,2026-09-15 00:31:44,-0.0108984375,-7.975
SaveOnEvent_ALL_20260915003145837.csv,2026-09-15 00:31:45,-0.01109375,-8.0046875
SaveOnEvent_ALL_20260915003146949.csv,2026-09-15 00:31:46,-0.0109765625,-8.0390625
SaveOnEvent_ALL_20260915003148060.csv,2026-09-15 00:31:48,-0.0108671875,-7.9640625
SaveOnEvent_ALL_20260915003149171.csv,2026-09-15 00:31:49,-0.01109375,-8.0078125
SaveOnEvent_ALL_20260915003150282.csv,2026-09-15 00:31:50,-0.0105390625,-7.9796875
SaveOnEvent_ALL_20260915003151393.csv,2026-09-15 00:31:51,-0.0106328125,-7.971875
SaveOnEvent_ALL_20260915003152505.csv,2026-09-15 00:31:52,-0.0109921875,-7.9625
SaveOnEvent_ALL_20260915003153615.csv,2026-09-15 00:31:53,-0.01084375,-8.115625
SaveOnEvent_ALL_20260915003154726.csv,2026-09-15 00:31:54,-0.01096875,-8.078125
SaveOnEvent_ALL_20260915003155838.csv,2026-09-15 00:31:55,-0.0110234375,-8.0296875
SaveOnEvent_ALL_20260915003156948.csv,2026-09-15 00:31:56,-0.010765625,-7.9921875
SaveOnEvent_ALL_20260915003158060.csv,2026-09-15 00:31:58,-0.01028125,-8.025
SaveOnEvent_ALL_20260915003159170.csv,2026-09-15 00:31:59,-0.01096875,-8.1265625
SaveOnEvent_ALL_20260915003200282.csv,2026-09-15 00:32:00,-0.010671875,-8.125
SaveOnEvent_ALL_20260915003201393.csv,2026-09-15 00:32:01,-0.0105078125,-8.003125
SaveOnEvent_ALL_20260915003202505.csv,2026-09-15 00:32:02,-0.0112265625,-8.1046875
SaveOnEvent_ALL_20260915003203615.csv,2026-09-15 00:32:03,-0.0106328125,-7.96875
SaveOnEvent_ALL_20260915003204726.csv,2026-09-15 00:32:04,-0.01084375,-7.984375
SaveOnEvent_ALL_20260915003205838.csv,2026-09-15 00:32:05,-0.0112109375,-8.0875
SaveOnEvent_ALL_20260915003206949.csv,2026-09-15 00:32:06,-0.0109453125,-8.09375
SaveOnEvent_ALL_20260915003208060.csv,2026-09-15 00:32:08,-0.01078125,-8.009375
SaveOnEvent_ALL_20260915003209172.csv,2026-09-15 00:32:09,-0.0110859375,-7.965625
SaveOnEvent_ALL_20260915003210282.csv,2026-09-15 00:32:10,-0.01125,-8.0109375
SaveOnEvent_ALL_20260915003211393.csv,2026-09-15 00:32:11,-0.0109765625,-8.040625
SaveOnEvent_ALL_20260915003212504.csv,2026-09-15 00:32:12,-0.0110625,-8.003125
SaveOnEvent_ALL_20260915003213615.csv,2026-09-15 00:32:13,-0.0108125,-7.978125
SaveOnEvent_ALL_20260915003214740.csv,2026-09-15 00:32:14,-0.011109375,-8.05
SaveOnEvent_ALL_20260915003215838.csv,2026-09-15 00:32:15,-0.0104765625,-7.9625
SaveOnEvent_ALL_20260915003216949.csv,2026-09-15 00:32:16,-0.01096875,-8.0046875
SaveOnEvent_ALL_20260915003218060.csv,2026-09-15 00:32:18,-0.0116796875,-8.059375
SaveOnEvent_ALL_20260915003219171.csv,2026-09-15 00:32:19,-0.0109375,-8.1359375
SaveOnEvent_ALL_20260915003220282.csv,2026-09-15 00:32:20,-0.01153125,-8.0203125
